"Admitido","Sexo","Departamento"
1,1,"A"
1,1,"A"
1,1,"A"
1,1,"A"
1,1,"A"
1,1,"A"
1,1,"A"
1,1,"A"
1,1,"A"
1,1,"A"
1,1,"A"
1,1,"A"
1,1,"A"
1,1,"A"
1,1,"A"
1,1,"A"
1,1,"A"
1,1,"A"
1,1,"A"
1,1,"A"
1,1,"A"
1,1,"A"
1,1,"A"
1,1,"A"
1,1,"A"
1,1,"A"
1,1,"A"
1,1,"A"
1,1,"A"
1,1,"A"
1,1,"A"
1,1,"A"
1,1,"A"
1,1,"A"
1,1,"A"
1,1,"A"
1,1,"A"
1,1,"A"
1,1,"A"
1,1,"A"
1,1,"A"
1,1,"A"
1,1,"A"
1,1,"A"
1,1,"A"
1,1,"A"
1,1,"A"
1,1,"A"
1,1,"A"
1,1,"A"
1,1,"A"
1,1,"A"
1,1,"A"
1,1,"A"
1,1,"A"
1,1,"A"
1,1,"A"
1,1,"A"
1,1,"A"
1,1,"A"
1,1,"A"
1,1,"A"
1,1,"A"
1,1,"A"
1,1,"A"
1,1,"A"
1,1,"A"
1,1,"A"
1,1,"A"
1,1,"A"
1,1,"A"
1,1,"A"
1,1,"A"
1,1,"A"
1,1,"A"
1,1,"A"
1,1,"A"
1,1,"A"
1,1,"A"
1,1,"A"
1,1,"A"
1,1,"A"
1,1,"A"
1,1,"A"
1,1,"A"
1,1,"A"
1,1,"A"
1,1,"A"
1,1,"A"
1,1,"A"
1,1,"A"
1,1,"A"
1,1,"A"
1,1,"A"
1,1,"A"
1,1,"A"
1,1,"A"
1,1,"A"
1,1,"A"
1,1,"A"
1,1,"A"
1,1,"A"
1,1,"A"
1,1,"A"
1,1,"A"
1,1,"A"
1,1,"A"
1,1,"A"
1,1,"A"
1,1,"A"
1,1,"A"
1,1,"A"
1,1,"A"
1,1,"A"
1,1,"A"
1,1,"A"
1,1,"A"
1,1,"A"
1,1,"A"
1,1,"A"
1,1,"A"
1,1,"A"
1,1,"A"
1,1,"A"
1,1,"A"
1,1,"A"
1,1,"A"
1,1,"A"
1,1,"A"
1,1,"A"
1,1,"A"
1,1,"A"
1,1,"A"
1,1,"A"
1,1,"A"
1,1,"A"
1,1,"A"
1,1,"A"
1,1,"A"
1,1,"A"
1,1,"A"
1,1,"A"
1,1,"A"
1,1,"A"
1,1,"A"
1,1,"A"
1,1,"A"
1,1,"A"
1,1,"A"
1,1,"A"
1,1,"A"
1,1,"A"
1,1,"A"
1,1,"A"
1,1,"A"
1,1,"A"
1,1,"A"
1,1,"A"
1,1,"A"
1,1,"A"
1,1,"A"
1,1,"A"
1,1,"A"
1,1,"A"
1,1,"A"
1,1,"A"
1,1,"A"
1,1,"A"
1,1,"A"
1,1,"A"
1,1,"A"
1,1,"A"
1,1,"A"
1,1,"A"
1,1,"A"
1,1,"A"
1,1,"A"
1,1,"A"
1,1,"A"
1,1,"A"
1,1,"A"
1,1,"A"
1,1,"A"
1,1,"A"
1,1,"A"
1,1,"A"
1,1,"A"
1,1,"A"
1,1,"A"
1,1,"A"
1,1,"A"
1,1,"A"
1,1,"A"
1,1,"A"
1,1,"A"
1,1,"A"
1,1,"A"
1,1,"A"
1,1,"A"
1,1,"A"
1,1,"A"
1,1,"A"
1,1,"A"
1,1,"A"
1,1,"A"
1,1,"A"
1,1,"A"
1,1,"A"
1,1,"A"
1,1,"A"
1,1,"A"
1,1,"A"
1,1,"A"
1,1,"A"
1,1,"A"
1,1,"A"
1,1,"A"
1,1,"A"
1,1,"A"
1,1,"A"
1,1,"A"
1,1,"A"
1,1,"A"
1,1,"A"
1,1,"A"
1,1,"A"
1,1,"A"
1,1,"A"
1,1,"A"
1,1,"A"
1,1,"A"
1,1,"A"
1,1,"A"
1,1,"A"
1,1,"A"
1,1,"A"
1,1,"A"
1,1,"A"
1,1,"A"
1,1,"A"
1,1,"A"
1,1,"A"
1,1,"A"
1,1,"A"
1,1,"A"
1,1,"A"
1,1,"A"
1,1,"A"
1,1,"A"
1,1,"A"
1,1,"A"
1,1,"A"
1,1,"A"
1,1,"A"
1,1,"A"
1,1,"A"
1,1,"A"
1,1,"A"
1,1,"A"
1,1,"A"
1,1,"A"
1,1,"A"
1,1,"A"
1,1,"A"
1,1,"A"
1,1,"A"
1,1,"A"
1,1,"A"
1,1,"A"
1,1,"A"
1,1,"A"
1,1,"A"
1,1,"A"
1,1,"A"
1,1,"A"
1,1,"A"
1,1,"A"
1,1,"A"
1,1,"A"
1,1,"A"
1,1,"A"
1,1,"A"
1,1,"A"
1,1,"A"
1,1,"A"
1,1,"A"
1,1,"A"
1,1,"A"
1,1,"A"
1,1,"A"
1,1,"A"
1,1,"A"
1,1,"A"
1,1,"A"
1,1,"A"
1,1,"A"
1,1,"A"
1,1,"A"
1,1,"A"
1,1,"A"
1,1,"A"
1,1,"A"
1,1,"A"
1,1,"A"
1,1,"A"
1,1,"A"
1,1,"A"
1,1,"A"
1,1,"A"
1,1,"A"
1,1,"A"
1,1,"A"
1,1,"A"
1,1,"A"
1,1,"A"
1,1,"A"
1,1,"A"
1,1,"A"
1,1,"A"
1,1,"A"
1,1,"A"
1,1,"A"
1,1,"A"
1,1,"A"
1,1,"A"
1,1,"A"
1,1,"A"
1,1,"A"
1,1,"A"
1,1,"A"
1,1,"A"
1,1,"A"
1,1,"A"
1,1,"A"
1,1,"A"
1,1,"A"
1,1,"A"
1,1,"A"
1,1,"A"
1,1,"A"
1,1,"A"
1,1,"A"
1,1,"A"
1,1,"A"
1,1,"A"
1,1,"A"
1,1,"A"
1,1,"A"
1,1,"A"
1,1,"A"
1,1,"A"
1,1,"A"
1,1,"A"
1,1,"A"
1,1,"A"
1,1,"A"
1,1,"A"
1,1,"A"
1,1,"A"
1,1,"A"
1,1,"A"
1,1,"A"
1,1,"A"
1,1,"A"
1,1,"A"
1,1,"A"
1,1,"A"
1,1,"A"
1,1,"A"
1,1,"A"
1,1,"A"
1,1,"A"
1,1,"A"
1,1,"A"
1,1,"A"
1,1,"A"
1,1,"A"
1,1,"A"
1,1,"A"
1,1,"A"
1,1,"A"
1,1,"A"
1,1,"A"
1,1,"A"
1,1,"A"
1,1,"A"
1,1,"A"
1,1,"A"
1,1,"A"
1,1,"A"
1,1,"A"
1,1,"A"
1,1,"A"
1,1,"A"
1,1,"A"
1,1,"A"
1,1,"A"
1,1,"A"
1,1,"A"
1,1,"A"
1,1,"A"
1,1,"A"
1,1,"A"
1,1,"A"
1,1,"A"
1,1,"A"
1,1,"A"
1,1,"A"
1,1,"A"
1,1,"A"
1,1,"A"
1,1,"A"
1,1,"A"
1,1,"A"
1,1,"A"
1,1,"A"
1,1,"A"
1,1,"A"
1,1,"A"
1,1,"A"
1,1,"A"
1,1,"A"
1,1,"A"
1,1,"A"
1,1,"A"
1,1,"A"
1,1,"A"
1,1,"A"
1,1,"A"
1,1,"A"
1,1,"A"
1,1,"A"
1,1,"A"
1,1,"A"
1,1,"A"
1,1,"A"
1,1,"A"
1,1,"A"
1,1,"A"
1,1,"A"
1,1,"A"
1,1,"A"
1,1,"A"
1,1,"A"
1,1,"A"
1,1,"A"
1,1,"A"
1,1,"A"
1,1,"A"
1,1,"A"
1,1,"A"
1,1,"A"
1,1,"A"
1,1,"A"
1,1,"A"
1,1,"A"
1,1,"A"
1,1,"A"
1,1,"A"
1,1,"A"
1,1,"A"
1,1,"A"
1,1,"A"
1,1,"A"
1,1,"A"
1,1,"A"
1,1,"A"
1,1,"A"
1,1,"A"
1,1,"A"
1,1,"A"
1,1,"A"
1,1,"A"
1,1,"A"
1,1,"A"
1,1,"A"
1,1,"A"
1,1,"A"
1,1,"A"
1,1,"A"
1,1,"A"
1,1,"A"
1,1,"A"
1,1,"A"
1,1,"A"
1,1,"A"
1,1,"A"
1,1,"A"
1,1,"A"
1,1,"A"
1,1,"A"
1,1,"A"
1,1,"A"
1,1,"A"
1,1,"A"
1,1,"A"
1,1,"A"
1,1,"A"
1,1,"A"
1,1,"A"
1,1,"A"
1,1,"A"
1,1,"A"
1,1,"A"
1,1,"A"
1,1,"A"
1,1,"A"
1,1,"A"
1,1,"A"
1,1,"A"
1,1,"A"
1,1,"A"
0,1,"A"
0,1,"A"
0,1,"A"
0,1,"A"
0,1,"A"
0,1,"A"
0,1,"A"
0,1,"A"
0,1,"A"
0,1,"A"
0,1,"A"
0,1,"A"
0,1,"A"
0,1,"A"
0,1,"A"
0,1,"A"
0,1,"A"
0,1,"A"
0,1,"A"
0,1,"A"
0,1,"A"
0,1,"A"
0,1,"A"
0,1,"A"
0,1,"A"
0,1,"A"
0,1,"A"
0,1,"A"
0,1,"A"
0,1,"A"
0,1,"A"
0,1,"A"
0,1,"A"
0,1,"A"
0,1,"A"
0,1,"A"
0,1,"A"
0,1,"A"
0,1,"A"
0,1,"A"
0,1,"A"
0,1,"A"
0,1,"A"
0,1,"A"
0,1,"A"
0,1,"A"
0,1,"A"
0,1,"A"
0,1,"A"
0,1,"A"
0,1,"A"
0,1,"A"
0,1,"A"
0,1,"A"
0,1,"A"
0,1,"A"
0,1,"A"
0,1,"A"
0,1,"A"
0,1,"A"
0,1,"A"
0,1,"A"
0,1,"A"
0,1,"A"
0,1,"A"
0,1,"A"
0,1,"A"
0,1,"A"
0,1,"A"
0,1,"A"
0,1,"A"
0,1,"A"
0,1,"A"
0,1,"A"
0,1,"A"
0,1,"A"
0,1,"A"
0,1,"A"
0,1,"A"
0,1,"A"
0,1,"A"
0,1,"A"
0,1,"A"
0,1,"A"
0,1,"A"
0,1,"A"
0,1,"A"
0,1,"A"
0,1,"A"
0,1,"A"
0,1,"A"
0,1,"A"
0,1,"A"
0,1,"A"
0,1,"A"
0,1,"A"
0,1,"A"
0,1,"A"
0,1,"A"
0,1,"A"
0,1,"A"
0,1,"A"
0,1,"A"
0,1,"A"
0,1,"A"
0,1,"A"
0,1,"A"
0,1,"A"
0,1,"A"
0,1,"A"
0,1,"A"
0,1,"A"
0,1,"A"
0,1,"A"
0,1,"A"
0,1,"A"
0,1,"A"
0,1,"A"
0,1,"A"
0,1,"A"
0,1,"A"
0,1,"A"
0,1,"A"
0,1,"A"
0,1,"A"
0,1,"A"
0,1,"A"
0,1,"A"
0,1,"A"
0,1,"A"
0,1,"A"
0,1,"A"
0,1,"A"
0,1,"A"
0,1,"A"
0,1,"A"
0,1,"A"
0,1,"A"
0,1,"A"
0,1,"A"
0,1,"A"
0,1,"A"
0,1,"A"
0,1,"A"
0,1,"A"
0,1,"A"
0,1,"A"
0,1,"A"
0,1,"A"
0,1,"A"
0,1,"A"
0,1,"A"
0,1,"A"
0,1,"A"
0,1,"A"
0,1,"A"
0,1,"A"
0,1,"A"
0,1,"A"
0,1,"A"
0,1,"A"
0,1,"A"
0,1,"A"
0,1,"A"
0,1,"A"
0,1,"A"
0,1,"A"
0,1,"A"
0,1,"A"
0,1,"A"
0,1,"A"
0,1,"A"
0,1,"A"
0,1,"A"
0,1,"A"
0,1,"A"
0,1,"A"
0,1,"A"
0,1,"A"
0,1,"A"
0,1,"A"
0,1,"A"
0,1,"A"
0,1,"A"
0,1,"A"
0,1,"A"
0,1,"A"
0,1,"A"
0,1,"A"
0,1,"A"
0,1,"A"
0,1,"A"
0,1,"A"
0,1,"A"
0,1,"A"
0,1,"A"
0,1,"A"
0,1,"A"
0,1,"A"
0,1,"A"
0,1,"A"
0,1,"A"
0,1,"A"
0,1,"A"
0,1,"A"
0,1,"A"
0,1,"A"
0,1,"A"
0,1,"A"
0,1,"A"
0,1,"A"
0,1,"A"
0,1,"A"
0,1,"A"
0,1,"A"
0,1,"A"
0,1,"A"
0,1,"A"
0,1,"A"
0,1,"A"
0,1,"A"
0,1,"A"
0,1,"A"
0,1,"A"
0,1,"A"
0,1,"A"
0,1,"A"
0,1,"A"
0,1,"A"
0,1,"A"
0,1,"A"
0,1,"A"
0,1,"A"
0,1,"A"
0,1,"A"
0,1,"A"
0,1,"A"
0,1,"A"
0,1,"A"
0,1,"A"
0,1,"A"
0,1,"A"
0,1,"A"
0,1,"A"
0,1,"A"
0,1,"A"
0,1,"A"
0,1,"A"
0,1,"A"
0,1,"A"
0,1,"A"
0,1,"A"
0,1,"A"
0,1,"A"
0,1,"A"
0,1,"A"
0,1,"A"
0,1,"A"
0,1,"A"
0,1,"A"
0,1,"A"
0,1,"A"
0,1,"A"
0,1,"A"
0,1,"A"
0,1,"A"
0,1,"A"
0,1,"A"
0,1,"A"
0,1,"A"
0,1,"A"
0,1,"A"
0,1,"A"
0,1,"A"
0,1,"A"
0,1,"A"
0,1,"A"
0,1,"A"
0,1,"A"
0,1,"A"
0,1,"A"
0,1,"A"
0,1,"A"
0,1,"A"
0,1,"A"
0,1,"A"
0,1,"A"
0,1,"A"
0,1,"A"
0,1,"A"
0,1,"A"
0,1,"A"
0,1,"A"
0,1,"A"
0,1,"A"
0,1,"A"
0,1,"A"
0,1,"A"
0,1,"A"
0,1,"A"
0,1,"A"
0,1,"A"
0,1,"A"
0,1,"A"
0,1,"A"
0,1,"A"
0,1,"A"
0,1,"A"
0,1,"A"
0,1,"A"
0,1,"A"
0,1,"A"
0,1,"A"
1,2,"A"
1,2,"A"
1,2,"A"
1,2,"A"
1,2,"A"
1,2,"A"
1,2,"A"
1,2,"A"
1,2,"A"
1,2,"A"
1,2,"A"
1,2,"A"
1,2,"A"
1,2,"A"
1,2,"A"
1,2,"A"
1,2,"A"
1,2,"A"
1,2,"A"
1,2,"A"
1,2,"A"
1,2,"A"
1,2,"A"
1,2,"A"
1,2,"A"
1,2,"A"
1,2,"A"
1,2,"A"
1,2,"A"
1,2,"A"
1,2,"A"
1,2,"A"
1,2,"A"
1,2,"A"
1,2,"A"
1,2,"A"
1,2,"A"
1,2,"A"
1,2,"A"
1,2,"A"
1,2,"A"
1,2,"A"
1,2,"A"
1,2,"A"
1,2,"A"
1,2,"A"
1,2,"A"
1,2,"A"
1,2,"A"
1,2,"A"
1,2,"A"
1,2,"A"
1,2,"A"
1,2,"A"
1,2,"A"
1,2,"A"
1,2,"A"
1,2,"A"
1,2,"A"
1,2,"A"
1,2,"A"
1,2,"A"
1,2,"A"
1,2,"A"
1,2,"A"
1,2,"A"
1,2,"A"
1,2,"A"
1,2,"A"
1,2,"A"
1,2,"A"
1,2,"A"
1,2,"A"
1,2,"A"
1,2,"A"
1,2,"A"
1,2,"A"
1,2,"A"
1,2,"A"
1,2,"A"
1,2,"A"
1,2,"A"
1,2,"A"
1,2,"A"
1,2,"A"
1,2,"A"
1,2,"A"
1,2,"A"
1,2,"A"
0,2,"A"
0,2,"A"
0,2,"A"
0,2,"A"
0,2,"A"
0,2,"A"
0,2,"A"
0,2,"A"
0,2,"A"
0,2,"A"
0,2,"A"
0,2,"A"
0,2,"A"
0,2,"A"
0,2,"A"
0,2,"A"
0,2,"A"
0,2,"A"
0,2,"A"
1,1,"B"
1,1,"B"
1,1,"B"
1,1,"B"
1,1,"B"
1,1,"B"
1,1,"B"
1,1,"B"
1,1,"B"
1,1,"B"
1,1,"B"
1,1,"B"
1,1,"B"
1,1,"B"
1,1,"B"
1,1,"B"
1,1,"B"
1,1,"B"
1,1,"B"
1,1,"B"
1,1,"B"
1,1,"B"
1,1,"B"
1,1,"B"
1,1,"B"
1,1,"B"
1,1,"B"
1,1,"B"
1,1,"B"
1,1,"B"
1,1,"B"
1,1,"B"
1,1,"B"
1,1,"B"
1,1,"B"
1,1,"B"
1,1,"B"
1,1,"B"
1,1,"B"
1,1,"B"
1,1,"B"
1,1,"B"
1,1,"B"
1,1,"B"
1,1,"B"
1,1,"B"
1,1,"B"
1,1,"B"
1,1,"B"
1,1,"B"
1,1,"B"
1,1,"B"
1,1,"B"
1,1,"B"
1,1,"B"
1,1,"B"
1,1,"B"
1,1,"B"
1,1,"B"
1,1,"B"
1,1,"B"
1,1,"B"
1,1,"B"
1,1,"B"
1,1,"B"
1,1,"B"
1,1,"B"
1,1,"B"
1,1,"B"
1,1,"B"
1,1,"B"
1,1,"B"
1,1,"B"
1,1,"B"
1,1,"B"
1,1,"B"
1,1,"B"
1,1,"B"
1,1,"B"
1,1,"B"
1,1,"B"
1,1,"B"
1,1,"B"
1,1,"B"
1,1,"B"
1,1,"B"
1,1,"B"
1,1,"B"
1,1,"B"
1,1,"B"
1,1,"B"
1,1,"B"
1,1,"B"
1,1,"B"
1,1,"B"
1,1,"B"
1,1,"B"
1,1,"B"
1,1,"B"
1,1,"B"
1,1,"B"
1,1,"B"
1,1,"B"
1,1,"B"
1,1,"B"
1,1,"B"
1,1,"B"
1,1,"B"
1,1,"B"
1,1,"B"
1,1,"B"
1,1,"B"
1,1,"B"
1,1,"B"
1,1,"B"
1,1,"B"
1,1,"B"
1,1,"B"
1,1,"B"
1,1,"B"
1,1,"B"
1,1,"B"
1,1,"B"
1,1,"B"
1,1,"B"
1,1,"B"
1,1,"B"
1,1,"B"
1,1,"B"
1,1,"B"
1,1,"B"
1,1,"B"
1,1,"B"
1,1,"B"
1,1,"B"
1,1,"B"
1,1,"B"
1,1,"B"
1,1,"B"
1,1,"B"
1,1,"B"
1,1,"B"
1,1,"B"
1,1,"B"
1,1,"B"
1,1,"B"
1,1,"B"
1,1,"B"
1,1,"B"
1,1,"B"
1,1,"B"
1,1,"B"
1,1,"B"
1,1,"B"
1,1,"B"
1,1,"B"
1,1,"B"
1,1,"B"
1,1,"B"
1,1,"B"
1,1,"B"
1,1,"B"
1,1,"B"
1,1,"B"
1,1,"B"
1,1,"B"
1,1,"B"
1,1,"B"
1,1,"B"
1,1,"B"
1,1,"B"
1,1,"B"
1,1,"B"
1,1,"B"
1,1,"B"
1,1,"B"
1,1,"B"
1,1,"B"
1,1,"B"
1,1,"B"
1,1,"B"
1,1,"B"
1,1,"B"
1,1,"B"
1,1,"B"
1,1,"B"
1,1,"B"
1,1,"B"
1,1,"B"
1,1,"B"
1,1,"B"
1,1,"B"
1,1,"B"
1,1,"B"
1,1,"B"
1,1,"B"
1,1,"B"
1,1,"B"
1,1,"B"
1,1,"B"
1,1,"B"
1,1,"B"
1,1,"B"
1,1,"B"
1,1,"B"
1,1,"B"
1,1,"B"
1,1,"B"
1,1,"B"
1,1,"B"
1,1,"B"
1,1,"B"
1,1,"B"
1,1,"B"
1,1,"B"
1,1,"B"
1,1,"B"
1,1,"B"
1,1,"B"
1,1,"B"
1,1,"B"
1,1,"B"
1,1,"B"
1,1,"B"
1,1,"B"
1,1,"B"
1,1,"B"
1,1,"B"
1,1,"B"
1,1,"B"
1,1,"B"
1,1,"B"
1,1,"B"
1,1,"B"
1,1,"B"
1,1,"B"
1,1,"B"
1,1,"B"
1,1,"B"
1,1,"B"
1,1,"B"
1,1,"B"
1,1,"B"
1,1,"B"
1,1,"B"
1,1,"B"
1,1,"B"
1,1,"B"
1,1,"B"
1,1,"B"
1,1,"B"
1,1,"B"
1,1,"B"
1,1,"B"
1,1,"B"
1,1,"B"
1,1,"B"
1,1,"B"
1,1,"B"
1,1,"B"
1,1,"B"
1,1,"B"
1,1,"B"
1,1,"B"
1,1,"B"
1,1,"B"
1,1,"B"
1,1,"B"
1,1,"B"
1,1,"B"
1,1,"B"
1,1,"B"
1,1,"B"
1,1,"B"
1,1,"B"
1,1,"B"
1,1,"B"
1,1,"B"
1,1,"B"
1,1,"B"
1,1,"B"
1,1,"B"
1,1,"B"
1,1,"B"
1,1,"B"
1,1,"B"
1,1,"B"
1,1,"B"
1,1,"B"
1,1,"B"
1,1,"B"
1,1,"B"
1,1,"B"
1,1,"B"
1,1,"B"
1,1,"B"
1,1,"B"
1,1,"B"
1,1,"B"
1,1,"B"
1,1,"B"
1,1,"B"
1,1,"B"
1,1,"B"
1,1,"B"
1,1,"B"
1,1,"B"
1,1,"B"
1,1,"B"
1,1,"B"
1,1,"B"
1,1,"B"
1,1,"B"
1,1,"B"
1,1,"B"
1,1,"B"
1,1,"B"
1,1,"B"
1,1,"B"
1,1,"B"
1,1,"B"
1,1,"B"
1,1,"B"
1,1,"B"
1,1,"B"
1,1,"B"
1,1,"B"
1,1,"B"
1,1,"B"
1,1,"B"
1,1,"B"
1,1,"B"
1,1,"B"
1,1,"B"
1,1,"B"
1,1,"B"
1,1,"B"
1,1,"B"
1,1,"B"
1,1,"B"
1,1,"B"
1,1,"B"
1,1,"B"
1,1,"B"
1,1,"B"
1,1,"B"
1,1,"B"
1,1,"B"
1,1,"B"
1,1,"B"
1,1,"B"
1,1,"B"
1,1,"B"
0,1,"B"
0,1,"B"
0,1,"B"
0,1,"B"
0,1,"B"
0,1,"B"
0,1,"B"
0,1,"B"
0,1,"B"
0,1,"B"
0,1,"B"
0,1,"B"
0,1,"B"
0,1,"B"
0,1,"B"
0,1,"B"
0,1,"B"
0,1,"B"
0,1,"B"
0,1,"B"
0,1,"B"
0,1,"B"
0,1,"B"
0,1,"B"
0,1,"B"
0,1,"B"
0,1,"B"
0,1,"B"
0,1,"B"
0,1,"B"
0,1,"B"
0,1,"B"
0,1,"B"
0,1,"B"
0,1,"B"
0,1,"B"
0,1,"B"
0,1,"B"
0,1,"B"
0,1,"B"
0,1,"B"
0,1,"B"
0,1,"B"
0,1,"B"
0,1,"B"
0,1,"B"
0,1,"B"
0,1,"B"
0,1,"B"
0,1,"B"
0,1,"B"
0,1,"B"
0,1,"B"
0,1,"B"
0,1,"B"
0,1,"B"
0,1,"B"
0,1,"B"
0,1,"B"
0,1,"B"
0,1,"B"
0,1,"B"
0,1,"B"
0,1,"B"
0,1,"B"
0,1,"B"
0,1,"B"
0,1,"B"
0,1,"B"
0,1,"B"
0,1,"B"
0,1,"B"
0,1,"B"
0,1,"B"
0,1,"B"
0,1,"B"
0,1,"B"
0,1,"B"
0,1,"B"
0,1,"B"
0,1,"B"
0,1,"B"
0,1,"B"
0,1,"B"
0,1,"B"
0,1,"B"
0,1,"B"
0,1,"B"
0,1,"B"
0,1,"B"
0,1,"B"
0,1,"B"
0,1,"B"
0,1,"B"
0,1,"B"
0,1,"B"
0,1,"B"
0,1,"B"
0,1,"B"
0,1,"B"
0,1,"B"
0,1,"B"
0,1,"B"
0,1,"B"
0,1,"B"
0,1,"B"
0,1,"B"
0,1,"B"
0,1,"B"
0,1,"B"
0,1,"B"
0,1,"B"
0,1,"B"
0,1,"B"
0,1,"B"
0,1,"B"
0,1,"B"
0,1,"B"
0,1,"B"
0,1,"B"
0,1,"B"
0,1,"B"
0,1,"B"
0,1,"B"
0,1,"B"
0,1,"B"
0,1,"B"
0,1,"B"
0,1,"B"
0,1,"B"
0,1,"B"
0,1,"B"
0,1,"B"
0,1,"B"
0,1,"B"
0,1,"B"
0,1,"B"
0,1,"B"
0,1,"B"
0,1,"B"
0,1,"B"
0,1,"B"
0,1,"B"
0,1,"B"
0,1,"B"
0,1,"B"
0,1,"B"
0,1,"B"
0,1,"B"
0,1,"B"
0,1,"B"
0,1,"B"
0,1,"B"
0,1,"B"
0,1,"B"
0,1,"B"
0,1,"B"
0,1,"B"
0,1,"B"
0,1,"B"
0,1,"B"
0,1,"B"
0,1,"B"
0,1,"B"
0,1,"B"
0,1,"B"
0,1,"B"
0,1,"B"
0,1,"B"
0,1,"B"
0,1,"B"
0,1,"B"
0,1,"B"
0,1,"B"
0,1,"B"
0,1,"B"
0,1,"B"
0,1,"B"
0,1,"B"
0,1,"B"
0,1,"B"
0,1,"B"
0,1,"B"
0,1,"B"
0,1,"B"
0,1,"B"
0,1,"B"
0,1,"B"
0,1,"B"
0,1,"B"
0,1,"B"
0,1,"B"
0,1,"B"
0,1,"B"
0,1,"B"
0,1,"B"
0,1,"B"
0,1,"B"
0,1,"B"
0,1,"B"
0,1,"B"
0,1,"B"
0,1,"B"
0,1,"B"
0,1,"B"
0,1,"B"
0,1,"B"
1,2,"B"
1,2,"B"
1,2,"B"
1,2,"B"
1,2,"B"
1,2,"B"
1,2,"B"
1,2,"B"
1,2,"B"
1,2,"B"
1,2,"B"
1,2,"B"
1,2,"B"
1,2,"B"
1,2,"B"
1,2,"B"
1,2,"B"
0,2,"B"
0,2,"B"
0,2,"B"
0,2,"B"
0,2,"B"
0,2,"B"
0,2,"B"
0,2,"B"
1,1,"C"
1,1,"C"
1,1,"C"
1,1,"C"
1,1,"C"
1,1,"C"
1,1,"C"
1,1,"C"
1,1,"C"
1,1,"C"
1,1,"C"
1,1,"C"
1,1,"C"
1,1,"C"
1,1,"C"
1,1,"C"
1,1,"C"
1,1,"C"
1,1,"C"
1,1,"C"
1,1,"C"
1,1,"C"
1,1,"C"
1,1,"C"
1,1,"C"
1,1,"C"
1,1,"C"
1,1,"C"
1,1,"C"
1,1,"C"
1,1,"C"
1,1,"C"
1,1,"C"
1,1,"C"
1,1,"C"
1,1,"C"
1,1,"C"
1,1,"C"
1,1,"C"
1,1,"C"
1,1,"C"
1,1,"C"
1,1,"C"
1,1,"C"
1,1,"C"
1,1,"C"
1,1,"C"
1,1,"C"
1,1,"C"
1,1,"C"
1,1,"C"
1,1,"C"
1,1,"C"
1,1,"C"
1,1,"C"
1,1,"C"
1,1,"C"
1,1,"C"
1,1,"C"
1,1,"C"
1,1,"C"
1,1,"C"
1,1,"C"
1,1,"C"
1,1,"C"
1,1,"C"
1,1,"C"
1,1,"C"
1,1,"C"
1,1,"C"
1,1,"C"
1,1,"C"
1,1,"C"
1,1,"C"
1,1,"C"
1,1,"C"
1,1,"C"
1,1,"C"
1,1,"C"
1,1,"C"
1,1,"C"
1,1,"C"
1,1,"C"
1,1,"C"
1,1,"C"
1,1,"C"
1,1,"C"
1,1,"C"
1,1,"C"
1,1,"C"
1,1,"C"
1,1,"C"
1,1,"C"
1,1,"C"
1,1,"C"
1,1,"C"
1,1,"C"
1,1,"C"
1,1,"C"
1,1,"C"
1,1,"C"
1,1,"C"
1,1,"C"
1,1,"C"
1,1,"C"
1,1,"C"
1,1,"C"
1,1,"C"
1,1,"C"
1,1,"C"
1,1,"C"
1,1,"C"
1,1,"C"
1,1,"C"
1,1,"C"
1,1,"C"
1,1,"C"
1,1,"C"
1,1,"C"
1,1,"C"
0,1,"C"
0,1,"C"
0,1,"C"
0,1,"C"
0,1,"C"
0,1,"C"
0,1,"C"
0,1,"C"
0,1,"C"
0,1,"C"
0,1,"C"
0,1,"C"
0,1,"C"
0,1,"C"
0,1,"C"
0,1,"C"
0,1,"C"
0,1,"C"
0,1,"C"
0,1,"C"
0,1,"C"
0,1,"C"
0,1,"C"
0,1,"C"
0,1,"C"
0,1,"C"
0,1,"C"
0,1,"C"
0,1,"C"
0,1,"C"
0,1,"C"
0,1,"C"
0,1,"C"
0,1,"C"
0,1,"C"
0,1,"C"
0,1,"C"
0,1,"C"
0,1,"C"
0,1,"C"
0,1,"C"
0,1,"C"
0,1,"C"
0,1,"C"
0,1,"C"
0,1,"C"
0,1,"C"
0,1,"C"
0,1,"C"
0,1,"C"
0,1,"C"
0,1,"C"
0,1,"C"
0,1,"C"
0,1,"C"
0,1,"C"
0,1,"C"
0,1,"C"
0,1,"C"
0,1,"C"
0,1,"C"
0,1,"C"
0,1,"C"
0,1,"C"
0,1,"C"
0,1,"C"
0,1,"C"
0,1,"C"
0,1,"C"
0,1,"C"
0,1,"C"
0,1,"C"
0,1,"C"
0,1,"C"
0,1,"C"
0,1,"C"
0,1,"C"
0,1,"C"
0,1,"C"
0,1,"C"
0,1,"C"
0,1,"C"
0,1,"C"
0,1,"C"
0,1,"C"
0,1,"C"
0,1,"C"
0,1,"C"
0,1,"C"
0,1,"C"
0,1,"C"
0,1,"C"
0,1,"C"
0,1,"C"
0,1,"C"
0,1,"C"
0,1,"C"
0,1,"C"
0,1,"C"
0,1,"C"
0,1,"C"
0,1,"C"
0,1,"C"
0,1,"C"
0,1,"C"
0,1,"C"
0,1,"C"
0,1,"C"
0,1,"C"
0,1,"C"
0,1,"C"
0,1,"C"
0,1,"C"
0,1,"C"
0,1,"C"
0,1,"C"
0,1,"C"
0,1,"C"
0,1,"C"
0,1,"C"
0,1,"C"
0,1,"C"
0,1,"C"
0,1,"C"
0,1,"C"
0,1,"C"
0,1,"C"
0,1,"C"
0,1,"C"
0,1,"C"
0,1,"C"
0,1,"C"
0,1,"C"
0,1,"C"
0,1,"C"
0,1,"C"
0,1,"C"
0,1,"C"
0,1,"C"
0,1,"C"
0,1,"C"
0,1,"C"
0,1,"C"
0,1,"C"
0,1,"C"
0,1,"C"
0,1,"C"
0,1,"C"
0,1,"C"
0,1,"C"
0,1,"C"
0,1,"C"
0,1,"C"
0,1,"C"
0,1,"C"
0,1,"C"
0,1,"C"
0,1,"C"
0,1,"C"
0,1,"C"
0,1,"C"
0,1,"C"
0,1,"C"
0,1,"C"
0,1,"C"
0,1,"C"
0,1,"C"
0,1,"C"
0,1,"C"
0,1,"C"
0,1,"C"
0,1,"C"
0,1,"C"
0,1,"C"
0,1,"C"
0,1,"C"
0,1,"C"
0,1,"C"
0,1,"C"
0,1,"C"
0,1,"C"
0,1,"C"
0,1,"C"
0,1,"C"
0,1,"C"
0,1,"C"
0,1,"C"
0,1,"C"
0,1,"C"
0,1,"C"
0,1,"C"
0,1,"C"
0,1,"C"
0,1,"C"
0,1,"C"
0,1,"C"
0,1,"C"
0,1,"C"
0,1,"C"
0,1,"C"
0,1,"C"
0,1,"C"
0,1,"C"
0,1,"C"
0,1,"C"
1,2,"C"
1,2,"C"
1,2,"C"
1,2,"C"
1,2,"C"
1,2,"C"
1,2,"C"
1,2,"C"
1,2,"C"
1,2,"C"
1,2,"C"
1,2,"C"
1,2,"C"
1,2,"C"
1,2,"C"
1,2,"C"
1,2,"C"
1,2,"C"
1,2,"C"
1,2,"C"
1,2,"C"
1,2,"C"
1,2,"C"
1,2,"C"
1,2,"C"
1,2,"C"
1,2,"C"
1,2,"C"
1,2,"C"
1,2,"C"
1,2,"C"
1,2,"C"
1,2,"C"
1,2,"C"
1,2,"C"
1,2,"C"
1,2,"C"
1,2,"C"
1,2,"C"
1,2,"C"
1,2,"C"
1,2,"C"
1,2,"C"
1,2,"C"
1,2,"C"
1,2,"C"
1,2,"C"
1,2,"C"
1,2,"C"
1,2,"C"
1,2,"C"
1,2,"C"
1,2,"C"
1,2,"C"
1,2,"C"
1,2,"C"
1,2,"C"
1,2,"C"
1,2,"C"
1,2,"C"
1,2,"C"
1,2,"C"
1,2,"C"
1,2,"C"
1,2,"C"
1,2,"C"
1,2,"C"
1,2,"C"
1,2,"C"
1,2,"C"
1,2,"C"
1,2,"C"
1,2,"C"
1,2,"C"
1,2,"C"
1,2,"C"
1,2,"C"
1,2,"C"
1,2,"C"
1,2,"C"
1,2,"C"
1,2,"C"
1,2,"C"
1,2,"C"
1,2,"C"
1,2,"C"
1,2,"C"
1,2,"C"
1,2,"C"
1,2,"C"
1,2,"C"
1,2,"C"
1,2,"C"
1,2,"C"
1,2,"C"
1,2,"C"
1,2,"C"
1,2,"C"
1,2,"C"
1,2,"C"
1,2,"C"
1,2,"C"
1,2,"C"
1,2,"C"
1,2,"C"
1,2,"C"
1,2,"C"
1,2,"C"
1,2,"C"
1,2,"C"
1,2,"C"
1,2,"C"
1,2,"C"
1,2,"C"
1,2,"C"
1,2,"C"
1,2,"C"
1,2,"C"
1,2,"C"
1,2,"C"
1,2,"C"
1,2,"C"
1,2,"C"
1,2,"C"
1,2,"C"
1,2,"C"
1,2,"C"
1,2,"C"
1,2,"C"
1,2,"C"
1,2,"C"
1,2,"C"
1,2,"C"
1,2,"C"
1,2,"C"
1,2,"C"
1,2,"C"
1,2,"C"
1,2,"C"
1,2,"C"
1,2,"C"
1,2,"C"
1,2,"C"
1,2,"C"
1,2,"C"
1,2,"C"
1,2,"C"
1,2,"C"
1,2,"C"
1,2,"C"
1,2,"C"
1,2,"C"
1,2,"C"
1,2,"C"
1,2,"C"
1,2,"C"
1,2,"C"
1,2,"C"
1,2,"C"
1,2,"C"
1,2,"C"
1,2,"C"
1,2,"C"
1,2,"C"
1,2,"C"
1,2,"C"
1,2,"C"
1,2,"C"
1,2,"C"
1,2,"C"
1,2,"C"
1,2,"C"
1,2,"C"
1,2,"C"
1,2,"C"
1,2,"C"
1,2,"C"
1,2,"C"
1,2,"C"
1,2,"C"
1,2,"C"
1,2,"C"
1,2,"C"
1,2,"C"
1,2,"C"
1,2,"C"
1,2,"C"
1,2,"C"
1,2,"C"
1,2,"C"
1,2,"C"
1,2,"C"
1,2,"C"
1,2,"C"
1,2,"C"
1,2,"C"
1,2,"C"
1,2,"C"
1,2,"C"
1,2,"C"
1,2,"C"
1,2,"C"
0,2,"C"
0,2,"C"
0,2,"C"
0,2,"C"
0,2,"C"
0,2,"C"
0,2,"C"
0,2,"C"
0,2,"C"
0,2,"C"
0,2,"C"
0,2,"C"
0,2,"C"
0,2,"C"
0,2,"C"
0,2,"C"
0,2,"C"
0,2,"C"
0,2,"C"
0,2,"C"
0,2,"C"
0,2,"C"
0,2,"C"
0,2,"C"
0,2,"C"
0,2,"C"
0,2,"C"
0,2,"C"
0,2,"C"
0,2,"C"
0,2,"C"
0,2,"C"
0,2,"C"
0,2,"C"
0,2,"C"
0,2,"C"
0,2,"C"
0,2,"C"
0,2,"C"
0,2,"C"
0,2,"C"
0,2,"C"
0,2,"C"
0,2,"C"
0,2,"C"
0,2,"C"
0,2,"C"
0,2,"C"
0,2,"C"
0,2,"C"
0,2,"C"
0,2,"C"
0,2,"C"
0,2,"C"
0,2,"C"
0,2,"C"
0,2,"C"
0,2,"C"
0,2,"C"
0,2,"C"
0,2,"C"
0,2,"C"
0,2,"C"
0,2,"C"
0,2,"C"
0,2,"C"
0,2,"C"
0,2,"C"
0,2,"C"
0,2,"C"
0,2,"C"
0,2,"C"
0,2,"C"
0,2,"C"
0,2,"C"
0,2,"C"
0,2,"C"
0,2,"C"
0,2,"C"
0,2,"C"
0,2,"C"
0,2,"C"
0,2,"C"
0,2,"C"
0,2,"C"
0,2,"C"
0,2,"C"
0,2,"C"
0,2,"C"
0,2,"C"
0,2,"C"
0,2,"C"
0,2,"C"
0,2,"C"
0,2,"C"
0,2,"C"
0,2,"C"
0,2,"C"
0,2,"C"
0,2,"C"
0,2,"C"
0,2,"C"
0,2,"C"
0,2,"C"
0,2,"C"
0,2,"C"
0,2,"C"
0,2,"C"
0,2,"C"
0,2,"C"
0,2,"C"
0,2,"C"
0,2,"C"
0,2,"C"
0,2,"C"
0,2,"C"
0,2,"C"
0,2,"C"
0,2,"C"
0,2,"C"
0,2,"C"
0,2,"C"
0,2,"C"
0,2,"C"
0,2,"C"
0,2,"C"
0,2,"C"
0,2,"C"
0,2,"C"
0,2,"C"
0,2,"C"
0,2,"C"
0,2,"C"
0,2,"C"
0,2,"C"
0,2,"C"
0,2,"C"
0,2,"C"
0,2,"C"
0,2,"C"
0,2,"C"
0,2,"C"
0,2,"C"
0,2,"C"
0,2,"C"
0,2,"C"
0,2,"C"
0,2,"C"
0,2,"C"
0,2,"C"
0,2,"C"
0,2,"C"
0,2,"C"
0,2,"C"
0,2,"C"
0,2,"C"
0,2,"C"
0,2,"C"
0,2,"C"
0,2,"C"
0,2,"C"
0,2,"C"
0,2,"C"
0,2,"C"
0,2,"C"
0,2,"C"
0,2,"C"
0,2,"C"
0,2,"C"
0,2,"C"
0,2,"C"
0,2,"C"
0,2,"C"
0,2,"C"
0,2,"C"
0,2,"C"
0,2,"C"
0,2,"C"
0,2,"C"
0,2,"C"
0,2,"C"
0,2,"C"
0,2,"C"
0,2,"C"
0,2,"C"
0,2,"C"
0,2,"C"
0,2,"C"
0,2,"C"
0,2,"C"
0,2,"C"
0,2,"C"
0,2,"C"
0,2,"C"
0,2,"C"
0,2,"C"
0,2,"C"
0,2,"C"
0,2,"C"
0,2,"C"
0,2,"C"
0,2,"C"
0,2,"C"
0,2,"C"
0,2,"C"
0,2,"C"
0,2,"C"
0,2,"C"
0,2,"C"
0,2,"C"
0,2,"C"
0,2,"C"
0,2,"C"
0,2,"C"
0,2,"C"
0,2,"C"
0,2,"C"
0,2,"C"
0,2,"C"
0,2,"C"
0,2,"C"
0,2,"C"
0,2,"C"
0,2,"C"
0,2,"C"
0,2,"C"
0,2,"C"
0,2,"C"
0,2,"C"
0,2,"C"
0,2,"C"
0,2,"C"
0,2,"C"
0,2,"C"
0,2,"C"
0,2,"C"
0,2,"C"
0,2,"C"
0,2,"C"
0,2,"C"
0,2,"C"
0,2,"C"
0,2,"C"
0,2,"C"
0,2,"C"
0,2,"C"
0,2,"C"
0,2,"C"
0,2,"C"
0,2,"C"
0,2,"C"
0,2,"C"
0,2,"C"
0,2,"C"
0,2,"C"
0,2,"C"
0,2,"C"
0,2,"C"
0,2,"C"
0,2,"C"
0,2,"C"
0,2,"C"
0,2,"C"
0,2,"C"
0,2,"C"
0,2,"C"
0,2,"C"
0,2,"C"
0,2,"C"
0,2,"C"
0,2,"C"
0,2,"C"
0,2,"C"
0,2,"C"
0,2,"C"
0,2,"C"
0,2,"C"
0,2,"C"
0,2,"C"
0,2,"C"
0,2,"C"
0,2,"C"
0,2,"C"
0,2,"C"
0,2,"C"
0,2,"C"
0,2,"C"
0,2,"C"
0,2,"C"
0,2,"C"
0,2,"C"
0,2,"C"
0,2,"C"
0,2,"C"
0,2,"C"
0,2,"C"
0,2,"C"
0,2,"C"
0,2,"C"
0,2,"C"
0,2,"C"
0,2,"C"
0,2,"C"
0,2,"C"
0,2,"C"
0,2,"C"
0,2,"C"
0,2,"C"
0,2,"C"
0,2,"C"
0,2,"C"
0,2,"C"
0,2,"C"
0,2,"C"
0,2,"C"
0,2,"C"
0,2,"C"
0,2,"C"
0,2,"C"
0,2,"C"
0,2,"C"
0,2,"C"
0,2,"C"
0,2,"C"
0,2,"C"
0,2,"C"
0,2,"C"
0,2,"C"
0,2,"C"
0,2,"C"
0,2,"C"
0,2,"C"
0,2,"C"
0,2,"C"
0,2,"C"
0,2,"C"
0,2,"C"
0,2,"C"
0,2,"C"
0,2,"C"
0,2,"C"
0,2,"C"
0,2,"C"
0,2,"C"
0,2,"C"
0,2,"C"
0,2,"C"
0,2,"C"
0,2,"C"
0,2,"C"
0,2,"C"
0,2,"C"
0,2,"C"
0,2,"C"
0,2,"C"
0,2,"C"
0,2,"C"
0,2,"C"
0,2,"C"
0,2,"C"
0,2,"C"
0,2,"C"
0,2,"C"
0,2,"C"
0,2,"C"
0,2,"C"
0,2,"C"
0,2,"C"
0,2,"C"
0,2,"C"
0,2,"C"
0,2,"C"
0,2,"C"
0,2,"C"
0,2,"C"
0,2,"C"
0,2,"C"
0,2,"C"
0,2,"C"
0,2,"C"
0,2,"C"
0,2,"C"
0,2,"C"
0,2,"C"
0,2,"C"
0,2,"C"
0,2,"C"
0,2,"C"
0,2,"C"
0,2,"C"
0,2,"C"
1,1,"D"
1,1,"D"
1,1,"D"
1,1,"D"
1,1,"D"
1,1,"D"
1,1,"D"
1,1,"D"
1,1,"D"
1,1,"D"
1,1,"D"
1,1,"D"
1,1,"D"
1,1,"D"
1,1,"D"
1,1,"D"
1,1,"D"
1,1,"D"
1,1,"D"
1,1,"D"
1,1,"D"
1,1,"D"
1,1,"D"
1,1,"D"
1,1,"D"
1,1,"D"
1,1,"D"
1,1,"D"
1,1,"D"
1,1,"D"
1,1,"D"
1,1,"D"
1,1,"D"
1,1,"D"
1,1,"D"
1,1,"D"
1,1,"D"
1,1,"D"
1,1,"D"
1,1,"D"
1,1,"D"
1,1,"D"
1,1,"D"
1,1,"D"
1,1,"D"
1,1,"D"
1,1,"D"
1,1,"D"
1,1,"D"
1,1,"D"
1,1,"D"
1,1,"D"
1,1,"D"
1,1,"D"
1,1,"D"
1,1,"D"
1,1,"D"
1,1,"D"
1,1,"D"
1,1,"D"
1,1,"D"
1,1,"D"
1,1,"D"
1,1,"D"
1,1,"D"
1,1,"D"
1,1,"D"
1,1,"D"
1,1,"D"
1,1,"D"
1,1,"D"
1,1,"D"
1,1,"D"
1,1,"D"
1,1,"D"
1,1,"D"
1,1,"D"
1,1,"D"
1,1,"D"
1,1,"D"
1,1,"D"
1,1,"D"
1,1,"D"
1,1,"D"
1,1,"D"
1,1,"D"
1,1,"D"
1,1,"D"
1,1,"D"
1,1,"D"
1,1,"D"
1,1,"D"
1,1,"D"
1,1,"D"
1,1,"D"
1,1,"D"
1,1,"D"
1,1,"D"
1,1,"D"
1,1,"D"
1,1,"D"
1,1,"D"
1,1,"D"
1,1,"D"
1,1,"D"
1,1,"D"
1,1,"D"
1,1,"D"
1,1,"D"
1,1,"D"
1,1,"D"
1,1,"D"
1,1,"D"
1,1,"D"
1,1,"D"
1,1,"D"
1,1,"D"
1,1,"D"
1,1,"D"
1,1,"D"
1,1,"D"
1,1,"D"
1,1,"D"
1,1,"D"
1,1,"D"
1,1,"D"
1,1,"D"
1,1,"D"
1,1,"D"
1,1,"D"
1,1,"D"
1,1,"D"
1,1,"D"
1,1,"D"
1,1,"D"
1,1,"D"
1,1,"D"
1,1,"D"
0,1,"D"
0,1,"D"
0,1,"D"
0,1,"D"
0,1,"D"
0,1,"D"
0,1,"D"
0,1,"D"
0,1,"D"
0,1,"D"
0,1,"D"
0,1,"D"
0,1,"D"
0,1,"D"
0,1,"D"
0,1,"D"
0,1,"D"
0,1,"D"
0,1,"D"
0,1,"D"
0,1,"D"
0,1,"D"
0,1,"D"
0,1,"D"
0,1,"D"
0,1,"D"
0,1,"D"
0,1,"D"
0,1,"D"
0,1,"D"
0,1,"D"
0,1,"D"
0,1,"D"
0,1,"D"
0,1,"D"
0,1,"D"
0,1,"D"
0,1,"D"
0,1,"D"
0,1,"D"
0,1,"D"
0,1,"D"
0,1,"D"
0,1,"D"
0,1,"D"
0,1,"D"
0,1,"D"
0,1,"D"
0,1,"D"
0,1,"D"
0,1,"D"
0,1,"D"
0,1,"D"
0,1,"D"
0,1,"D"
0,1,"D"
0,1,"D"
0,1,"D"
0,1,"D"
0,1,"D"
0,1,"D"
0,1,"D"
0,1,"D"
0,1,"D"
0,1,"D"
0,1,"D"
0,1,"D"
0,1,"D"
0,1,"D"
0,1,"D"
0,1,"D"
0,1,"D"
0,1,"D"
0,1,"D"
0,1,"D"
0,1,"D"
0,1,"D"
0,1,"D"
0,1,"D"
0,1,"D"
0,1,"D"
0,1,"D"
0,1,"D"
0,1,"D"
0,1,"D"
0,1,"D"
0,1,"D"
0,1,"D"
0,1,"D"
0,1,"D"
0,1,"D"
0,1,"D"
0,1,"D"
0,1,"D"
0,1,"D"
0,1,"D"
0,1,"D"
0,1,"D"
0,1,"D"
0,1,"D"
0,1,"D"
0,1,"D"
0,1,"D"
0,1,"D"
0,1,"D"
0,1,"D"
0,1,"D"
0,1,"D"
0,1,"D"
0,1,"D"
0,1,"D"
0,1,"D"
0,1,"D"
0,1,"D"
0,1,"D"
0,1,"D"
0,1,"D"
0,1,"D"
0,1,"D"
0,1,"D"
0,1,"D"
0,1,"D"
0,1,"D"
0,1,"D"
0,1,"D"
0,1,"D"
0,1,"D"
0,1,"D"
0,1,"D"
0,1,"D"
0,1,"D"
0,1,"D"
0,1,"D"
0,1,"D"
0,1,"D"
0,1,"D"
0,1,"D"
0,1,"D"
0,1,"D"
0,1,"D"
0,1,"D"
0,1,"D"
0,1,"D"
0,1,"D"
0,1,"D"
0,1,"D"
0,1,"D"
0,1,"D"
0,1,"D"
0,1,"D"
0,1,"D"
0,1,"D"
0,1,"D"
0,1,"D"
0,1,"D"
0,1,"D"
0,1,"D"
0,1,"D"
0,1,"D"
0,1,"D"
0,1,"D"
0,1,"D"
0,1,"D"
0,1,"D"
0,1,"D"
0,1,"D"
0,1,"D"
0,1,"D"
0,1,"D"
0,1,"D"
0,1,"D"
0,1,"D"
0,1,"D"
0,1,"D"
0,1,"D"
0,1,"D"
0,1,"D"
0,1,"D"
0,1,"D"
0,1,"D"
0,1,"D"
0,1,"D"
0,1,"D"
0,1,"D"
0,1,"D"
0,1,"D"
0,1,"D"
0,1,"D"
0,1,"D"
0,1,"D"
0,1,"D"
0,1,"D"
0,1,"D"
0,1,"D"
0,1,"D"
0,1,"D"
0,1,"D"
0,1,"D"
0,1,"D"
0,1,"D"
0,1,"D"
0,1,"D"
0,1,"D"
0,1,"D"
0,1,"D"
0,1,"D"
0,1,"D"
0,1,"D"
0,1,"D"
0,1,"D"
0,1,"D"
0,1,"D"
0,1,"D"
0,1,"D"
0,1,"D"
0,1,"D"
0,1,"D"
0,1,"D"
0,1,"D"
0,1,"D"
0,1,"D"
0,1,"D"
0,1,"D"
0,1,"D"
0,1,"D"
0,1,"D"
0,1,"D"
0,1,"D"
0,1,"D"
0,1,"D"
0,1,"D"
0,1,"D"
0,1,"D"
0,1,"D"
0,1,"D"
0,1,"D"
0,1,"D"
0,1,"D"
0,1,"D"
0,1,"D"
0,1,"D"
0,1,"D"
0,1,"D"
0,1,"D"
0,1,"D"
0,1,"D"
0,1,"D"
0,1,"D"
0,1,"D"
0,1,"D"
0,1,"D"
0,1,"D"
0,1,"D"
0,1,"D"
0,1,"D"
0,1,"D"
0,1,"D"
0,1,"D"
0,1,"D"
0,1,"D"
0,1,"D"
0,1,"D"
0,1,"D"
0,1,"D"
0,1,"D"
0,1,"D"
0,1,"D"
0,1,"D"
0,1,"D"
0,1,"D"
0,1,"D"
0,1,"D"
0,1,"D"
0,1,"D"
0,1,"D"
0,1,"D"
0,1,"D"
0,1,"D"
0,1,"D"
1,2,"D"
1,2,"D"
1,2,"D"
1,2,"D"
1,2,"D"
1,2,"D"
1,2,"D"
1,2,"D"
1,2,"D"
1,2,"D"
1,2,"D"
1,2,"D"
1,2,"D"
1,2,"D"
1,2,"D"
1,2,"D"
1,2,"D"
1,2,"D"
1,2,"D"
1,2,"D"
1,2,"D"
1,2,"D"
1,2,"D"
1,2,"D"
1,2,"D"
1,2,"D"
1,2,"D"
1,2,"D"
1,2,"D"
1,2,"D"
1,2,"D"
1,2,"D"
1,2,"D"
1,2,"D"
1,2,"D"
1,2,"D"
1,2,"D"
1,2,"D"
1,2,"D"
1,2,"D"
1,2,"D"
1,2,"D"
1,2,"D"
1,2,"D"
1,2,"D"
1,2,"D"
1,2,"D"
1,2,"D"
1,2,"D"
1,2,"D"
1,2,"D"
1,2,"D"
1,2,"D"
1,2,"D"
1,2,"D"
1,2,"D"
1,2,"D"
1,2,"D"
1,2,"D"
1,2,"D"
1,2,"D"
1,2,"D"
1,2,"D"
1,2,"D"
1,2,"D"
1,2,"D"
1,2,"D"
1,2,"D"
1,2,"D"
1,2,"D"
1,2,"D"
1,2,"D"
1,2,"D"
1,2,"D"
1,2,"D"
1,2,"D"
1,2,"D"
1,2,"D"
1,2,"D"
1,2,"D"
1,2,"D"
1,2,"D"
1,2,"D"
1,2,"D"
1,2,"D"
1,2,"D"
1,2,"D"
1,2,"D"
1,2,"D"
1,2,"D"
1,2,"D"
1,2,"D"
1,2,"D"
1,2,"D"
1,2,"D"
1,2,"D"
1,2,"D"
1,2,"D"
1,2,"D"
1,2,"D"
1,2,"D"
1,2,"D"
1,2,"D"
1,2,"D"
1,2,"D"
1,2,"D"
1,2,"D"
1,2,"D"
1,2,"D"
1,2,"D"
1,2,"D"
1,2,"D"
1,2,"D"
1,2,"D"
1,2,"D"
1,2,"D"
1,2,"D"
1,2,"D"
1,2,"D"
1,2,"D"
1,2,"D"
1,2,"D"
1,2,"D"
1,2,"D"
1,2,"D"
1,2,"D"
1,2,"D"
1,2,"D"
1,2,"D"
1,2,"D"
1,2,"D"
0,2,"D"
0,2,"D"
0,2,"D"
0,2,"D"
0,2,"D"
0,2,"D"
0,2,"D"
0,2,"D"
0,2,"D"
0,2,"D"
0,2,"D"
0,2,"D"
0,2,"D"
0,2,"D"
0,2,"D"
0,2,"D"
0,2,"D"
0,2,"D"
0,2,"D"
0,2,"D"
0,2,"D"
0,2,"D"
0,2,"D"
0,2,"D"
0,2,"D"
0,2,"D"
0,2,"D"
0,2,"D"
0,2,"D"
0,2,"D"
0,2,"D"
0,2,"D"
0,2,"D"
0,2,"D"
0,2,"D"
0,2,"D"
0,2,"D"
0,2,"D"
0,2,"D"
0,2,"D"
0,2,"D"
0,2,"D"
0,2,"D"
0,2,"D"
0,2,"D"
0,2,"D"
0,2,"D"
0,2,"D"
0,2,"D"
0,2,"D"
0,2,"D"
0,2,"D"
0,2,"D"
0,2,"D"
0,2,"D"
0,2,"D"
0,2,"D"
0,2,"D"
0,2,"D"
0,2,"D"
0,2,"D"
0,2,"D"
0,2,"D"
0,2,"D"
0,2,"D"
0,2,"D"
0,2,"D"
0,2,"D"
0,2,"D"
0,2,"D"
0,2,"D"
0,2,"D"
0,2,"D"
0,2,"D"
0,2,"D"
0,2,"D"
0,2,"D"
0,2,"D"
0,2,"D"
0,2,"D"
0,2,"D"
0,2,"D"
0,2,"D"
0,2,"D"
0,2,"D"
0,2,"D"
0,2,"D"
0,2,"D"
0,2,"D"
0,2,"D"
0,2,"D"
0,2,"D"
0,2,"D"
0,2,"D"
0,2,"D"
0,2,"D"
0,2,"D"
0,2,"D"
0,2,"D"
0,2,"D"
0,2,"D"
0,2,"D"
0,2,"D"
0,2,"D"
0,2,"D"
0,2,"D"
0,2,"D"
0,2,"D"
0,2,"D"
0,2,"D"
0,2,"D"
0,2,"D"
0,2,"D"
0,2,"D"
0,2,"D"
0,2,"D"
0,2,"D"
0,2,"D"
0,2,"D"
0,2,"D"
0,2,"D"
0,2,"D"
0,2,"D"
0,2,"D"
0,2,"D"
0,2,"D"
0,2,"D"
0,2,"D"
0,2,"D"
0,2,"D"
0,2,"D"
0,2,"D"
0,2,"D"
0,2,"D"
0,2,"D"
0,2,"D"
0,2,"D"
0,2,"D"
0,2,"D"
0,2,"D"
0,2,"D"
0,2,"D"
0,2,"D"
0,2,"D"
0,2,"D"
0,2,"D"
0,2,"D"
0,2,"D"
0,2,"D"
0,2,"D"
0,2,"D"
0,2,"D"
0,2,"D"
0,2,"D"
0,2,"D"
0,2,"D"
0,2,"D"
0,2,"D"
0,2,"D"
0,2,"D"
0,2,"D"
0,2,"D"
0,2,"D"
0,2,"D"
0,2,"D"
0,2,"D"
0,2,"D"
0,2,"D"
0,2,"D"
0,2,"D"
0,2,"D"
0,2,"D"
0,2,"D"
0,2,"D"
0,2,"D"
0,2,"D"
0,2,"D"
0,2,"D"
0,2,"D"
0,2,"D"
0,2,"D"
0,2,"D"
0,2,"D"
0,2,"D"
0,2,"D"
0,2,"D"
0,2,"D"
0,2,"D"
0,2,"D"
0,2,"D"
0,2,"D"
0,2,"D"
0,2,"D"
0,2,"D"
0,2,"D"
0,2,"D"
0,2,"D"
0,2,"D"
0,2,"D"
0,2,"D"
0,2,"D"
0,2,"D"
0,2,"D"
0,2,"D"
0,2,"D"
0,2,"D"
0,2,"D"
0,2,"D"
0,2,"D"
0,2,"D"
0,2,"D"
0,2,"D"
0,2,"D"
0,2,"D"
0,2,"D"
0,2,"D"
0,2,"D"
0,2,"D"
0,2,"D"
0,2,"D"
0,2,"D"
0,2,"D"
0,2,"D"
0,2,"D"
0,2,"D"
0,2,"D"
0,2,"D"
0,2,"D"
0,2,"D"
0,2,"D"
0,2,"D"
0,2,"D"
0,2,"D"
0,2,"D"
0,2,"D"
0,2,"D"
0,2,"D"
0,2,"D"
0,2,"D"
0,2,"D"
0,2,"D"
0,2,"D"
0,2,"D"
0,2,"D"
1,1,"E"
1,1,"E"
1,1,"E"
1,1,"E"
1,1,"E"
1,1,"E"
1,1,"E"
1,1,"E"
1,1,"E"
1,1,"E"
1,1,"E"
1,1,"E"
1,1,"E"
1,1,"E"
1,1,"E"
1,1,"E"
1,1,"E"
1,1,"E"
1,1,"E"
1,1,"E"
1,1,"E"
1,1,"E"
1,1,"E"
1,1,"E"
1,1,"E"
1,1,"E"
1,1,"E"
1,1,"E"
1,1,"E"
1,1,"E"
1,1,"E"
1,1,"E"
1,1,"E"
1,1,"E"
1,1,"E"
1,1,"E"
1,1,"E"
1,1,"E"
1,1,"E"
1,1,"E"
1,1,"E"
1,1,"E"
1,1,"E"
1,1,"E"
1,1,"E"
1,1,"E"
1,1,"E"
1,1,"E"
1,1,"E"
1,1,"E"
1,1,"E"
1,1,"E"
1,1,"E"
0,1,"E"
0,1,"E"
0,1,"E"
0,1,"E"
0,1,"E"
0,1,"E"
0,1,"E"
0,1,"E"
0,1,"E"
0,1,"E"
0,1,"E"
0,1,"E"
0,1,"E"
0,1,"E"
0,1,"E"
0,1,"E"
0,1,"E"
0,1,"E"
0,1,"E"
0,1,"E"
0,1,"E"
0,1,"E"
0,1,"E"
0,1,"E"
0,1,"E"
0,1,"E"
0,1,"E"
0,1,"E"
0,1,"E"
0,1,"E"
0,1,"E"
0,1,"E"
0,1,"E"
0,1,"E"
0,1,"E"
0,1,"E"
0,1,"E"
0,1,"E"
0,1,"E"
0,1,"E"
0,1,"E"
0,1,"E"
0,1,"E"
0,1,"E"
0,1,"E"
0,1,"E"
0,1,"E"
0,1,"E"
0,1,"E"
0,1,"E"
0,1,"E"
0,1,"E"
0,1,"E"
0,1,"E"
0,1,"E"
0,1,"E"
0,1,"E"
0,1,"E"
0,1,"E"
0,1,"E"
0,1,"E"
0,1,"E"
0,1,"E"
0,1,"E"
0,1,"E"
0,1,"E"
0,1,"E"
0,1,"E"
0,1,"E"
0,1,"E"
0,1,"E"
0,1,"E"
0,1,"E"
0,1,"E"
0,1,"E"
0,1,"E"
0,1,"E"
0,1,"E"
0,1,"E"
0,1,"E"
0,1,"E"
0,1,"E"
0,1,"E"
0,1,"E"
0,1,"E"
0,1,"E"
0,1,"E"
0,1,"E"
0,1,"E"
0,1,"E"
0,1,"E"
0,1,"E"
0,1,"E"
0,1,"E"
0,1,"E"
0,1,"E"
0,1,"E"
0,1,"E"
0,1,"E"
0,1,"E"
0,1,"E"
0,1,"E"
0,1,"E"
0,1,"E"
0,1,"E"
0,1,"E"
0,1,"E"
0,1,"E"
0,1,"E"
0,1,"E"
0,1,"E"
0,1,"E"
0,1,"E"
0,1,"E"
0,1,"E"
0,1,"E"
0,1,"E"
0,1,"E"
0,1,"E"
0,1,"E"
0,1,"E"
0,1,"E"
0,1,"E"
0,1,"E"
0,1,"E"
0,1,"E"
0,1,"E"
0,1,"E"
0,1,"E"
0,1,"E"
0,1,"E"
0,1,"E"
0,1,"E"
0,1,"E"
0,1,"E"
0,1,"E"
0,1,"E"
0,1,"E"
1,2,"E"
1,2,"E"
1,2,"E"
1,2,"E"
1,2,"E"
1,2,"E"
1,2,"E"
1,2,"E"
1,2,"E"
1,2,"E"
1,2,"E"
1,2,"E"
1,2,"E"
1,2,"E"
1,2,"E"
1,2,"E"
1,2,"E"
1,2,"E"
1,2,"E"
1,2,"E"
1,2,"E"
1,2,"E"
1,2,"E"
1,2,"E"
1,2,"E"
1,2,"E"
1,2,"E"
1,2,"E"
1,2,"E"
1,2,"E"
1,2,"E"
1,2,"E"
1,2,"E"
1,2,"E"
1,2,"E"
1,2,"E"
1,2,"E"
1,2,"E"
1,2,"E"
1,2,"E"
1,2,"E"
1,2,"E"
1,2,"E"
1,2,"E"
1,2,"E"
1,2,"E"
1,2,"E"
1,2,"E"
1,2,"E"
1,2,"E"
1,2,"E"
1,2,"E"
1,2,"E"
1,2,"E"
1,2,"E"
1,2,"E"
1,2,"E"
1,2,"E"
1,2,"E"
1,2,"E"
1,2,"E"
1,2,"E"
1,2,"E"
1,2,"E"
1,2,"E"
1,2,"E"
1,2,"E"
1,2,"E"
1,2,"E"
1,2,"E"
1,2,"E"
1,2,"E"
1,2,"E"
1,2,"E"
1,2,"E"
1,2,"E"
1,2,"E"
1,2,"E"
1,2,"E"
1,2,"E"
1,2,"E"
1,2,"E"
1,2,"E"
1,2,"E"
1,2,"E"
1,2,"E"
1,2,"E"
1,2,"E"
1,2,"E"
1,2,"E"
1,2,"E"
1,2,"E"
1,2,"E"
1,2,"E"
0,2,"E"
0,2,"E"
0,2,"E"
0,2,"E"
0,2,"E"
0,2,"E"
0,2,"E"
0,2,"E"
0,2,"E"
0,2,"E"
0,2,"E"
0,2,"E"
0,2,"E"
0,2,"E"
0,2,"E"
0,2,"E"
0,2,"E"
0,2,"E"
0,2,"E"
0,2,"E"
0,2,"E"
0,2,"E"
0,2,"E"
0,2,"E"
0,2,"E"
0,2,"E"
0,2,"E"
0,2,"E"
0,2,"E"
0,2,"E"
0,2,"E"
0,2,"E"
0,2,"E"
0,2,"E"
0,2,"E"
0,2,"E"
0,2,"E"
0,2,"E"
0,2,"E"
0,2,"E"
0,2,"E"
0,2,"E"
0,2,"E"
0,2,"E"
0,2,"E"
0,2,"E"
0,2,"E"
0,2,"E"
0,2,"E"
0,2,"E"
0,2,"E"
0,2,"E"
0,2,"E"
0,2,"E"
0,2,"E"
0,2,"E"
0,2,"E"
0,2,"E"
0,2,"E"
0,2,"E"
0,2,"E"
0,2,"E"
0,2,"E"
0,2,"E"
0,2,"E"
0,2,"E"
0,2,"E"
0,2,"E"
0,2,"E"
0,2,"E"
0,2,"E"
0,2,"E"
0,2,"E"
0,2,"E"
0,2,"E"
0,2,"E"
0,2,"E"
0,2,"E"
0,2,"E"
0,2,"E"
0,2,"E"
0,2,"E"
0,2,"E"
0,2,"E"
0,2,"E"
0,2,"E"
0,2,"E"
0,2,"E"
0,2,"E"
0,2,"E"
0,2,"E"
0,2,"E"
0,2,"E"
0,2,"E"
0,2,"E"
0,2,"E"
0,2,"E"
0,2,"E"
0,2,"E"
0,2,"E"
0,2,"E"
0,2,"E"
0,2,"E"
0,2,"E"
0,2,"E"
0,2,"E"
0,2,"E"
0,2,"E"
0,2,"E"
0,2,"E"
0,2,"E"
0,2,"E"
0,2,"E"
0,2,"E"
0,2,"E"
0,2,"E"
0,2,"E"
0,2,"E"
0,2,"E"
0,2,"E"
0,2,"E"
0,2,"E"
0,2,"E"
0,2,"E"
0,2,"E"
0,2,"E"
0,2,"E"
0,2,"E"
0,2,"E"
0,2,"E"
0,2,"E"
0,2,"E"
0,2,"E"
0,2,"E"
0,2,"E"
0,2,"E"
0,2,"E"
0,2,"E"
0,2,"E"
0,2,"E"
0,2,"E"
0,2,"E"
0,2,"E"
0,2,"E"
0,2,"E"
0,2,"E"
0,2,"E"
0,2,"E"
0,2,"E"
0,2,"E"
0,2,"E"
0,2,"E"
0,2,"E"
0,2,"E"
0,2,"E"
0,2,"E"
0,2,"E"
0,2,"E"
0,2,"E"
0,2,"E"
0,2,"E"
0,2,"E"
0,2,"E"
0,2,"E"
0,2,"E"
0,2,"E"
0,2,"E"
0,2,"E"
0,2,"E"
0,2,"E"
0,2,"E"
0,2,"E"
0,2,"E"
0,2,"E"
0,2,"E"
0,2,"E"
0,2,"E"
0,2,"E"
0,2,"E"
0,2,"E"
0,2,"E"
0,2,"E"
0,2,"E"
0,2,"E"
0,2,"E"
0,2,"E"
0,2,"E"
0,2,"E"
0,2,"E"
0,2,"E"
0,2,"E"
0,2,"E"
0,2,"E"
0,2,"E"
0,2,"E"
0,2,"E"
0,2,"E"
0,2,"E"
0,2,"E"
0,2,"E"
0,2,"E"
0,2,"E"
0,2,"E"
0,2,"E"
0,2,"E"
0,2,"E"
0,2,"E"
0,2,"E"
0,2,"E"
0,2,"E"
0,2,"E"
0,2,"E"
0,2,"E"
0,2,"E"
0,2,"E"
0,2,"E"
0,2,"E"
0,2,"E"
0,2,"E"
0,2,"E"
0,2,"E"
0,2,"E"
0,2,"E"
0,2,"E"
0,2,"E"
0,2,"E"
0,2,"E"
0,2,"E"
0,2,"E"
0,2,"E"
0,2,"E"
0,2,"E"
0,2,"E"
0,2,"E"
0,2,"E"
0,2,"E"
0,2,"E"
0,2,"E"
0,2,"E"
0,2,"E"
0,2,"E"
0,2,"E"
0,2,"E"
0,2,"E"
0,2,"E"
0,2,"E"
0,2,"E"
0,2,"E"
0,2,"E"
0,2,"E"
0,2,"E"
0,2,"E"
0,2,"E"
0,2,"E"
0,2,"E"
0,2,"E"
0,2,"E"
0,2,"E"
0,2,"E"
0,2,"E"
0,2,"E"
0,2,"E"
0,2,"E"
0,2,"E"
0,2,"E"
0,2,"E"
0,2,"E"
0,2,"E"
0,2,"E"
0,2,"E"
0,2,"E"
0,2,"E"
0,2,"E"
0,2,"E"
0,2,"E"
0,2,"E"
0,2,"E"
0,2,"E"
0,2,"E"
0,2,"E"
0,2,"E"
0,2,"E"
0,2,"E"
0,2,"E"
0,2,"E"
0,2,"E"
0,2,"E"
0,2,"E"
0,2,"E"
0,2,"E"
0,2,"E"
0,2,"E"
0,2,"E"
0,2,"E"
0,2,"E"
0,2,"E"
0,2,"E"
0,2,"E"
0,2,"E"
1,1,"F"
1,1,"F"
1,1,"F"
1,1,"F"
1,1,"F"
1,1,"F"
1,1,"F"
1,1,"F"
1,1,"F"
1,1,"F"
1,1,"F"
1,1,"F"
1,1,"F"
1,1,"F"
1,1,"F"
1,1,"F"
1,1,"F"
1,1,"F"
1,1,"F"
1,1,"F"
1,1,"F"
1,1,"F"
0,1,"F"
0,1,"F"
0,1,"F"
0,1,"F"
0,1,"F"
0,1,"F"
0,1,"F"
0,1,"F"
0,1,"F"
0,1,"F"
0,1,"F"
0,1,"F"
0,1,"F"
0,1,"F"
0,1,"F"
0,1,"F"
0,1,"F"
0,1,"F"
0,1,"F"
0,1,"F"
0,1,"F"
0,1,"F"
0,1,"F"
0,1,"F"
0,1,"F"
0,1,"F"
0,1,"F"
0,1,"F"
0,1,"F"
0,1,"F"
0,1,"F"
0,1,"F"
0,1,"F"
0,1,"F"
0,1,"F"
0,1,"F"
0,1,"F"
0,1,"F"
0,1,"F"
0,1,"F"
0,1,"F"
0,1,"F"
0,1,"F"
0,1,"F"
0,1,"F"
0,1,"F"
0,1,"F"
0,1,"F"
0,1,"F"
0,1,"F"
0,1,"F"
0,1,"F"
0,1,"F"
0,1,"F"
0,1,"F"
0,1,"F"
0,1,"F"
0,1,"F"
0,1,"F"
0,1,"F"
0,1,"F"
0,1,"F"
0,1,"F"
0,1,"F"
0,1,"F"
0,1,"F"
0,1,"F"
0,1,"F"
0,1,"F"
0,1,"F"
0,1,"F"
0,1,"F"
0,1,"F"
0,1,"F"
0,1,"F"
0,1,"F"
0,1,"F"
0,1,"F"
0,1,"F"
0,1,"F"
0,1,"F"
0,1,"F"
0,1,"F"
0,1,"F"
0,1,"F"
0,1,"F"
0,1,"F"
0,1,"F"
0,1,"F"
0,1,"F"
0,1,"F"
0,1,"F"
0,1,"F"
0,1,"F"
0,1,"F"
0,1,"F"
0,1,"F"
0,1,"F"
0,1,"F"
0,1,"F"
0,1,"F"
0,1,"F"
0,1,"F"
0,1,"F"
0,1,"F"
0,1,"F"
0,1,"F"
0,1,"F"
0,1,"F"
0,1,"F"
0,1,"F"
0,1,"F"
0,1,"F"
0,1,"F"
0,1,"F"
0,1,"F"
0,1,"F"
0,1,"F"
0,1,"F"
0,1,"F"
0,1,"F"
0,1,"F"
0,1,"F"
0,1,"F"
0,1,"F"
0,1,"F"
0,1,"F"
0,1,"F"
0,1,"F"
0,1,"F"
0,1,"F"
0,1,"F"
0,1,"F"
0,1,"F"
0,1,"F"
0,1,"F"
0,1,"F"
0,1,"F"
0,1,"F"
0,1,"F"
0,1,"F"
0,1,"F"
0,1,"F"
0,1,"F"
0,1,"F"
0,1,"F"
0,1,"F"
0,1,"F"
0,1,"F"
0,1,"F"
0,1,"F"
0,1,"F"
0,1,"F"
0,1,"F"
0,1,"F"
0,1,"F"
0,1,"F"
0,1,"F"
0,1,"F"
0,1,"F"
0,1,"F"
0,1,"F"
0,1,"F"
0,1,"F"
0,1,"F"
0,1,"F"
0,1,"F"
0,1,"F"
0,1,"F"
0,1,"F"
0,1,"F"
0,1,"F"
0,1,"F"
0,1,"F"
0,1,"F"
0,1,"F"
0,1,"F"
0,1,"F"
0,1,"F"
0,1,"F"
0,1,"F"
0,1,"F"
0,1,"F"
0,1,"F"
0,1,"F"
0,1,"F"
0,1,"F"
0,1,"F"
0,1,"F"
0,1,"F"
0,1,"F"
0,1,"F"
0,1,"F"
0,1,"F"
0,1,"F"
0,1,"F"
0,1,"F"
0,1,"F"
0,1,"F"
0,1,"F"
0,1,"F"
0,1,"F"
0,1,"F"
0,1,"F"
0,1,"F"
0,1,"F"
0,1,"F"
0,1,"F"
0,1,"F"
0,1,"F"
0,1,"F"
0,1,"F"
0,1,"F"
0,1,"F"
0,1,"F"
0,1,"F"
0,1,"F"
0,1,"F"
0,1,"F"
0,1,"F"
0,1,"F"
0,1,"F"
0,1,"F"
0,1,"F"
0,1,"F"
0,1,"F"
0,1,"F"
0,1,"F"
0,1,"F"
0,1,"F"
0,1,"F"
0,1,"F"
0,1,"F"
0,1,"F"
0,1,"F"
0,1,"F"
0,1,"F"
0,1,"F"
0,1,"F"
0,1,"F"
0,1,"F"
0,1,"F"
0,1,"F"
0,1,"F"
0,1,"F"
0,1,"F"
0,1,"F"
0,1,"F"
0,1,"F"
0,1,"F"
0,1,"F"
0,1,"F"
0,1,"F"
0,1,"F"
0,1,"F"
0,1,"F"
0,1,"F"
0,1,"F"
0,1,"F"
0,1,"F"
0,1,"F"
0,1,"F"
0,1,"F"
0,1,"F"
0,1,"F"
0,1,"F"
0,1,"F"
0,1,"F"
0,1,"F"
0,1,"F"
0,1,"F"
0,1,"F"
0,1,"F"
0,1,"F"
0,1,"F"
0,1,"F"
0,1,"F"
0,1,"F"
0,1,"F"
0,1,"F"
0,1,"F"
0,1,"F"
0,1,"F"
0,1,"F"
0,1,"F"
0,1,"F"
0,1,"F"
0,1,"F"
0,1,"F"
0,1,"F"
0,1,"F"
0,1,"F"
0,1,"F"
0,1,"F"
0,1,"F"
0,1,"F"
0,1,"F"
0,1,"F"
0,1,"F"
0,1,"F"
0,1,"F"
0,1,"F"
0,1,"F"
0,1,"F"
0,1,"F"
0,1,"F"
0,1,"F"
0,1,"F"
0,1,"F"
0,1,"F"
0,1,"F"
0,1,"F"
0,1,"F"
0,1,"F"
0,1,"F"
0,1,"F"
0,1,"F"
0,1,"F"
0,1,"F"
0,1,"F"
0,1,"F"
0,1,"F"
0,1,"F"
0,1,"F"
0,1,"F"
0,1,"F"
0,1,"F"
0,1,"F"
0,1,"F"
0,1,"F"
0,1,"F"
0,1,"F"
0,1,"F"
0,1,"F"
0,1,"F"
0,1,"F"
0,1,"F"
0,1,"F"
0,1,"F"
0,1,"F"
0,1,"F"
0,1,"F"
0,1,"F"
0,1,"F"
0,1,"F"
0,1,"F"
0,1,"F"
0,1,"F"
0,1,"F"
0,1,"F"
0,1,"F"
1,2,"F"
1,2,"F"
1,2,"F"
1,2,"F"
1,2,"F"
1,2,"F"
1,2,"F"
1,2,"F"
1,2,"F"
1,2,"F"
1,2,"F"
1,2,"F"
1,2,"F"
1,2,"F"
1,2,"F"
1,2,"F"
1,2,"F"
1,2,"F"
1,2,"F"
1,2,"F"
1,2,"F"
1,2,"F"
1,2,"F"
1,2,"F"
0,2,"F"
0,2,"F"
0,2,"F"
0,2,"F"
0,2,"F"
0,2,"F"
0,2,"F"
0,2,"F"
0,2,"F"
0,2,"F"
0,2,"F"
0,2,"F"
0,2,"F"
0,2,"F"
0,2,"F"
0,2,"F"
0,2,"F"
0,2,"F"
0,2,"F"
0,2,"F"
0,2,"F"
0,2,"F"
0,2,"F"
0,2,"F"
0,2,"F"
0,2,"F"
0,2,"F"
0,2,"F"
0,2,"F"
0,2,"F"
0,2,"F"
0,2,"F"
0,2,"F"
0,2,"F"
0,2,"F"
0,2,"F"
0,2,"F"
0,2,"F"
0,2,"F"
0,2,"F"
0,2,"F"
0,2,"F"
0,2,"F"
0,2,"F"
0,2,"F"
0,2,"F"
0,2,"F"
0,2,"F"
0,2,"F"
0,2,"F"
0,2,"F"
0,2,"F"
0,2,"F"
0,2,"F"
0,2,"F"
0,2,"F"
0,2,"F"
0,2,"F"
0,2,"F"
0,2,"F"
0,2,"F"
0,2,"F"
0,2,"F"
0,2,"F"
0,2,"F"
0,2,"F"
0,2,"F"
0,2,"F"
0,2,"F"
0,2,"F"
0,2,"F"
0,2,"F"
0,2,"F"
0,2,"F"
0,2,"F"
0,2,"F"
0,2,"F"
0,2,"F"
0,2,"F"
0,2,"F"
0,2,"F"
0,2,"F"
0,2,"F"
0,2,"F"
0,2,"F"
0,2,"F"
0,2,"F"
0,2,"F"
0,2,"F"
0,2,"F"
0,2,"F"
0,2,"F"
0,2,"F"
0,2,"F"
0,2,"F"
0,2,"F"
0,2,"F"
0,2,"F"
0,2,"F"
0,2,"F"
0,2,"F"
0,2,"F"
0,2,"F"
0,2,"F"
0,2,"F"
0,2,"F"
0,2,"F"
0,2,"F"
0,2,"F"
0,2,"F"
0,2,"F"
0,2,"F"
0,2,"F"
0,2,"F"
0,2,"F"
0,2,"F"
0,2,"F"
0,2,"F"
0,2,"F"
0,2,"F"
0,2,"F"
0,2,"F"
0,2,"F"
0,2,"F"
0,2,"F"
0,2,"F"
0,2,"F"
0,2,"F"
0,2,"F"
0,2,"F"
0,2,"F"
0,2,"F"
0,2,"F"
0,2,"F"
0,2,"F"
0,2,"F"
0,2,"F"
0,2,"F"
0,2,"F"
0,2,"F"
0,2,"F"
0,2,"F"
0,2,"F"
0,2,"F"
0,2,"F"
0,2,"F"
0,2,"F"
0,2,"F"
0,2,"F"
0,2,"F"
0,2,"F"
0,2,"F"
0,2,"F"
0,2,"F"
0,2,"F"
0,2,"F"
0,2,"F"
0,2,"F"
0,2,"F"
0,2,"F"
0,2,"F"
0,2,"F"
0,2,"F"
0,2,"F"
0,2,"F"
0,2,"F"
0,2,"F"
0,2,"F"
0,2,"F"
0,2,"F"
0,2,"F"
0,2,"F"
0,2,"F"
0,2,"F"
0,2,"F"
0,2,"F"
0,2,"F"
0,2,"F"
0,2,"F"
0,2,"F"
0,2,"F"
0,2,"F"
0,2,"F"
0,2,"F"
0,2,"F"
0,2,"F"
0,2,"F"
0,2,"F"
0,2,"F"
0,2,"F"
0,2,"F"
0,2,"F"
0,2,"F"
0,2,"F"
0,2,"F"
0,2,"F"
0,2,"F"
0,2,"F"
0,2,"F"
0,2,"F"
0,2,"F"
0,2,"F"
0,2,"F"
0,2,"F"
0,2,"F"
0,2,"F"
0,2,"F"
0,2,"F"
0,2,"F"
0,2,"F"
0,2,"F"
0,2,"F"
0,2,"F"
0,2,"F"
0,2,"F"
0,2,"F"
0,2,"F"
0,2,"F"
0,2,"F"
0,2,"F"
0,2,"F"
0,2,"F"
0,2,"F"
0,2,"F"
0,2,"F"
0,2,"F"
0,2,"F"
0,2,"F"
0,2,"F"
0,2,"F"
0,2,"F"
0,2,"F"
0,2,"F"
0,2,"F"
0,2,"F"
0,2,"F"
0,2,"F"
0,2,"F"
0,2,"F"
0,2,"F"
0,2,"F"
0,2,"F"
0,2,"F"
0,2,"F"
0,2,"F"
0,2,"F"
0,2,"F"
0,2,"F"
0,2,"F"
0,2,"F"
0,2,"F"
0,2,"F"
0,2,"F"
0,2,"F"
0,2,"F"
0,2,"F"
0,2,"F"
0,2,"F"
0,2,"F"
0,2,"F"
0,2,"F"
0,2,"F"
0,2,"F"
0,2,"F"
0,2,"F"
0,2,"F"
0,2,"F"
0,2,"F"
0,2,"F"
0,2,"F"
0,2,"F"
0,2,"F"
0,2,"F"
0,2,"F"
0,2,"F"
0,2,"F"
0,2,"F"
0,2,"F"
0,2,"F"
0,2,"F"
0,2,"F"
0,2,"F"
0,2,"F"
0,2,"F"
0,2,"F"
0,2,"F"
0,2,"F"
0,2,"F"
0,2,"F"
0,2,"F"
0,2,"F"
0,2,"F"
0,2,"F"
0,2,"F"
0,2,"F"
0,2,"F"
0,2,"F"
0,2,"F"
0,2,"F"
0,2,"F"
0,2,"F"
0,2,"F"
0,2,"F"
0,2,"F"
0,2,"F"
0,2,"F"
0,2,"F"
0,2,"F"
0,2,"F"
0,2,"F"
0,2,"F"
0,2,"F"
0,2,"F"
0,2,"F"
0,2,"F"
0,2,"F"
0,2,"F"
